id	first_name	last_name	account_number	email
11	Allen	Paul	644841	Quisque.porttitor.eros@pedePraesent.ca
12	Fallon	Dunn	453682	posuere.vulputate@DonecegestasAliquam.org
13	Donna	Swanson	727124	dolor@et.ca
14	Dante	Caldwell	780133	Phasellus.dolor.elit@viverraMaecenasiaculis.com
15	Paul	Graham	153596	auctor.vitae.aliquet@varius.co.uk
16	Christen	Cleveland	980913	Aenean.massa.Integer@nisiAenean.net
17	Bevis	Hatfield	420064	tempor.lorem.eget@facilisisegetipsum.ca
18	Kermit	Hale	690237	orci.consectetuer@in.edu
19	Imani	Mcgowan	976722	placerat.augue.Sed@hendrerita.net
20	Hollee	Gray	705875	urna.Ut.tincidunt@Proin.com
21	Ainsley	Meyer	433161	orci@risusquis.net
22	Joseph	Heath	230206	nisi@pellentesquetellussem.ca
23	Thomas	Richardson	118839	Praesent@congueInscelerisque.org
24	Quincy	Buckner	676034	velit@nislelementum.co.uk
25	Lee	Vance	874024	lorem@nonummyultriciesornare.co.uk
26	Nathaniel	Ruiz	327166	magna.Sed.eu@arcuMorbisit.com
27	Kimberley	Parks	319377	vestibulum.lorem.sit@eueuismod.edu
28	Ivory	Downs	133677	sem@sed.ca
29	Adena	"Hobbs
Bosley"	656184	ac.ipsum.Phasellus@ut.net
30	Laura	Rivera	270464	nascetur.ridiculus.mus@Donecnibhenim.org
31	Clinton	Vincent	677802	adipiscing.lacus.Ut@atlibero.edu
32	aretha	Torres	278324	scelerisque.neque.sed@consequatdolor.ca
33	Kuame	Bruce	295535	metus@hendreritnequeIn.edu
34	Ifeoma	Knight	946108	sem@sagittis.org
35	Jorden	Dodson	605296	Nulla.aliquet.Proin@vitaesodalesat.ca
36	Holmes	Goodwin	633430	et.ultrices.posuere@Etiam.com
37	Ariana	Dillon	269848	ullamcorper@magna.org
38	Julian	Kramer	815929	Sed@adipiscinglobortisrisus.co.uk
39	Victor	Kaufman	688093	Maecenas.mi@eusem.org
40	Shaeleigh	Pope	687812	Donec.porttitor@felis.org
41	Hope	Mathis	493162	penatibus@elit.ca
42	Brendan	Tyler	348407	pellentesque.tellus.sem@vitae.co.uk
43	Jerry	merritt	440407	lorem.sit.amet@eudolor.co.uk
44	Brittany	Stephens	412405	Nunc.sed@fringillaeuismodenim.com
45	ignacia	downs	505038	Vivamus.euismod.urna@idlibero.co.uk
46	lillith	mcdaniel	204861	ultricies.ligula@gravida.co.uk
47	Brody	George	391293	tortor@et.com
48	Danielle	Mcclure	396229	Aliquam.nisl@ut.ca
49	Alexis	Sullivan	443051	morbi.tristique.senectus@sagittislobortismauris.com
50	Nayda	Gregory	685096	Sed.nulla.ante@arcuCurabiturut.ca
51	Nicole	Riley	877883	lobortis@molestiearcuSed.com
52	Kato	Poole	172510	lorem@vulputatenisisem.org
53	Amity	Ball	323456	Integer@egestasAliquamnec.ca
54	Cynthia	Solis	993712	lacus.Mauris.non@eratvolutpat.com
55	Sopoline	Compton	484168	Suspendisse.tristique.neque@vestibulum.org
56	Juliet	Acevedo	189750	velit.eget@ipsum.com
57	Hakeem	Lopez	390418	dui.nec.urna@lectus.net
58	Geoffrey	Barlow	128379	sit.amet@Proin.edu
59	Regina	England	833719	consequat.nec@id.org
60	Aladdin	Morrow	551973	augue.id@PhasellusornareFusce.ca
61	Hedy	Hogan	400266	magna@euismod.org
62	Burton	Glass	743267	eu@Curabitur.co.uk
63	Brenda	Valenzuela	494320	turpis.Nulla.aliquet@at.net
64	Nathaniel	Rojas	707964	malesuada.ut.sem@aliquetodioEtiam.net
65	Hope	Hale	564110	dui.semper.et@nullaat.co.uk
66	Jena	Terry	837174	morbi.tristique.senectus@Donecnibh.com
67	September	Townsend	666325	Proin@Donec.ca
68	Shelley	Mccormick	326352	Duis.gravida@actellus.edu
69	Demetrius	Nixon	268110	dignissim.Maecenas.ornare@sagittisDuisgravida.net
70	Hilda	Erickson	640660	semper@necleoMorbi.org
71	Kay√à	Noel	464972	Aenean.massa.Integer@anteMaecenasmi.co.uk
72	Kiayada	Trevino	541127	lectus.a@ametmetus.co.uk
73	Nerea	Marquez	542980	molestie.tellus.Aenean@nonjusto.ca
74	Wilma	Hyde	284416	id.enim@sedhendrerit.co.uk
75	Vielka	Farmer	312641	Phasellus.elit@interdum.net
76	Macey	Reid	103928	rutrum@magnisdisparturient.org
77	Lawrence	Petersen	378757	nunc.interdum@Donec.com
78	Bernard	Meyer	526863	diam.Proin.dolor@aliquet.com
79	Ingrid	Harrell	961348	nec.imperdiet@sed.co.uk
80	Rowan	Buchanan	368777	libero.lacus.varius@orciUt.org
81	Donovan	Greene	561509	enim.commodo.hendrerit@convallisincursus.com
82	Jade	Battle	531695	lectus.justo@lorem.co.uk
83	Nevada	black	504965	enim.condimentum@a.net
84	Beverly	Boyle	625739	Cum@atpedeCras.net
85	Xyla	Buckley	929603	euismod.urna@id.co.uk
86	Linus	Conner	583611	accumsan.neque@sitamet.net
87	Eliana	Knapp	249511	neque.sed.dictum@ligula.co.uk
88	Hedley	Gordon	857599	lorem.auctor.quis@loremeu.com
89	Hayfa	Church	380365	fermentum.risus@Maurisquisturpis.co.uk
90	Judah	May	126611	fringilla.purus.mauris@Nullam.net
91	Hamish	Ware	604869	est.mollis@nislMaecenasmalesuada.net
92	Laith	Knight	923896	porttitor.scelerisque.neque@tristiquepharetra.com
93	Avye	Franco	213223	enim.Mauris.quis@lectus.ca
94	Dawn	Travis	237331	accumsan.convallis.ante@non.ca
95	Savannah	Holcomb	471877	Mauris.blandit@elit.com
96	Justina	Branch	972166	lobortis.quam@rutrum.edu
97	Baxter	Strickland	810914	molestie.arcu@Quisquepurussapien.org
98	Yoshio	Henson	936223	vehicula@sem.edu
99	Vaughan	Slater	854240	aliquet.odio.Etiam@euultrices.net
100	Patricia	Alston	537516	tincidunt.nunc@Sedegetlacus.net
101	Hakeem	Ward	274878	Integer@faucibusorci.ca
102	Abra	Olsen	237282	Sed@Donecelementum.edu
